INSERT INTO user ( userId, pwd, username)
VALUES
	( '09801','aaaa', '김알엠'),
	( '09802','bbbb', '이슈가'),
	( '09803','cccc', '최 진'),
	( '09804','dddd', '박제이홉'),
	( '09805','eeee', '구지민'),
	( '09806','ffff', '데 뷔'),
	( '09807','gggg', '정 국'),
	( '09808','hhhh', '빅히트'),
	( '09809','iiii', '홍길동');
	
INSERT INTO user_cover_bts(userId, ssid) 
VALUES
	('09801', 'BTS000001'),
	('09801', 'BTS000002'),
	('09801', 'BTS000003'),
	('09801', 'BTS000004'),
	('09801', 'BTS000005'),
	('09801', 'BTS000006'),
	('09801', 'BTS000007'),
	('09806', 'BTS000008'),
	('09806', 'BTS000009'),
	('09806', 'BTS000010'),
	('09806', 'BTS000011'),
	('09801', 'BTS000012'),
	('09801', 'BTS000013'),
	('09801', 'BTS203579'),
	('09801', 'BTS203580'),
	('09801', 'BTS203581'),
	('09801', 'BTS203582'),
	('09801', 'BTS203583'),
	('09801', 'BTS203584'),
	('09801', 'BTS203585'),
	('09801', 'BTS203586'),
	('09801', 'BTS203587'),
	('09805', 'BTS203588'),
	('09805', 'BTS203589'),
	('09805', 'BTS203590'),
	('09805', 'BTS203591'),
	('09805', 'BTS203592'),
	('09805', 'BTS203593'),
	('09805', 'BTS203594'),
	('09805', 'BTS203595'),
	('09805', 'BTS203596'),
	('09805', 'BTS203597'),
	('09804', 'BTS203598'),
	('09804', 'BTS203599'),
	('09804', 'BTS203600'),
	('09804', 'BTS203601'),
	('09804', 'BTS203602'),
	('09804', 'BTS203603'),
	('09804', 'BTS203604'),
	('09804', 'BTS203605'),
	('09804', 'BTS203606'),
	('09804', 'BTS203607'),
	('09802', 'BTS203608'),
	('09802', 'BTS203609'),
	('09802', 'BTS203610'),
	('09802', 'BTS203611'),
	('09802', 'BTS203612'),
	('09802', 'BTS203613'),
	('09802', 'BTS203614'),
	('09802', 'BTS203615'),
	('09802', 'BTS203616'),
	('09803', 'BTS203617'),
	('09803', 'BTS203618'),
	('09803', 'BTS203619'),
	('09803', 'BTS203620'),
	('09803', 'BTS203621'),
	('09803', 'BTS203622'),
	('09803', 'BTS203623'),
	('09803', 'BTS203624'),
	('09803', 'BTS203625'),
	('09803', 'BTS203627');
	

insert into bts  (ssid, latitude, longitude, altitude, streetAddress, secondaryUnit, enrollDate, modifyDate) values ( 'BTS203579', 37.366116, 127.106847, 0, '경기도 성남시 분당구 정자동 성남대로331번길 8 SWS-K', '8층', '2008-01-02 13:13', '2016-09-08 08:18');
insert into bts  (ssid, latitude, longitude, altitude, streetAddress, secondaryUnit, enrollDate, modifyDate) values ( 'BTS203580', 37.359441, 127.105317, 0, '경기도 성남시 분당구 정자동 불정로 610 정든마을우성6차아파트', '옥상', '2012-09-20 15:33', '2015-11-02 12:24');
insert into bts  (ssid, latitude, longitude, altitude, streetAddress, secondaryUnit, enrollDate, modifyDate) values ( 'BTS203581', 37.359577, 127.105436, 0, '경기도 성남시 분당구 정자1동 정자동 178-1 그린팩토리(NAVER)', '2층', '2011-02-07 13:29', '2015-07-07 10:40');
insert into bts  (ssid, latitude, longitude, altitude, streetAddress, secondaryUnit, enrollDate, modifyDate) values ( 'BTS203582', 37.359577, 127.105436, 0, '경기도 성남시 분당구 이매동 142 아름마을 선경APT', '603동 702호', '2007-04-02 16:16', '2015-08-30 16:06');
insert into bts  (ssid, latitude, longitude, altitude, streetAddress, secondaryUnit, enrollDate, modifyDate) values ( 'BTS203583', 37.402054, 127.103435, 0, '경기도 성남시 분당구 삼평동 판교로256번길 7 넥슨코리아', '1층', '2011-05-28 09:31', '2016-12-12 08:13');
insert into bts  (ssid, latitude, longitude, altitude, streetAddress, secondaryUnit, enrollDate, modifyDate) values ( 'BTS203584', 37.401986, 127.108714, 0, '경기도 성남시 분당구 삼평동 227 판교에이치스퀘어', 'N동 6층', '2001-09-24 09:35', '2017-02-20 11:09');
insert into bts  (ssid, latitude, longitude, altitude, streetAddress, secondaryUnit, enrollDate, modifyDate) values ( 'BTS203585', 37.402001, 127.108814, 0, '경기도 성남시 분당구 삼평동 681 판교에이치스퀘어', 'S동', '2005-05-19 12:31', '2015-11-23 13:17');
insert into bts  (ssid, latitude, longitude, altitude, streetAddress, secondaryUnit, enrollDate, modifyDate) values ( 'BTS203586', 37.372428, 127.124207, 0, '경기도 성남시 분당구 수내로 148 파크타운서안아파트', '109-2101호', '2000-06-28 10:22', '2016-06-05 10:54');
insert into bts  (ssid, latitude, longitude, altitude, streetAddress, secondaryUnit, enrollDate, modifyDate) values ( 'BTS203587', 37.370872, 127.129324, 0, '경기도 성남시 분당구 수내로 201 삼부아파트', '1105호', '2006-12-24 12:43', '2016-09-16 16:58');
insert into bts  (ssid, latitude, longitude, altitude, streetAddress, secondaryUnit, enrollDate, modifyDate) values ( 'BTS203588', 37.553737, 126.968648, 0, '서울특별시 용산구 청파로 383 소화아동병원', '7층 102호', '2006-03-08 15:18', '2016-12-23 12:29');
insert into bts  (ssid, latitude, longitude, altitude, streetAddress, secondaryUnit, enrollDate, modifyDate) values ( 'BTS203589', 37.554103, 126.968444, 0, '서울특별시 용산구 서계동 223-18 한국민생치한신문', '705호', '2012-07-03 08:06', '2016-07-23 15:08');
insert into bts  (ssid, latitude, longitude, altitude, streetAddress, secondaryUnit, enrollDate, modifyDate) values ( 'BTS203590', 37.55393, 126.967563, 0, '서울특별시 용산구 서계동 227-1 청파도서관', '옥상', '2003-03-05 10:23', '2016-02-20 15:19');
insert into bts  (ssid, latitude, longitude, altitude, streetAddress, secondaryUnit, enrollDate, modifyDate) values ( 'BTS203591', 37.555475, 126.964803, 0, '서울특별시 중구 만리동2가 6-1 노외주차장 손기정체육공원공영', 'S동', '2007-07-15 13:29', '2016-12-26 09:43');
insert into bts  (ssid, latitude, longitude, altitude, streetAddress, secondaryUnit, enrollDate, modifyDate) values ( 'BTS203592', 37.555007, 126.96623, 0, '서울특별시 중구 만리동2가 11-1 KCC파크타운 운영위원회', 'B동 6층', '2011-03-13 08:52', '2015-04-08 08:31');
insert into bts  (ssid, latitude, longitude, altitude, streetAddress, secondaryUnit, enrollDate, modifyDate) values ( 'BTS203593', 37.553706, 126.966809, 0, '서울특별시 용산구 서계동 만리재로36길', 'A동', '2011-01-27 09:02', '2016-07-16 10:37');
insert into bts  (ssid, latitude, longitude, altitude, streetAddress, secondaryUnit, enrollDate, modifyDate) values ( 'BTS203594', 37.547037, 126.959739, 0, '서울특별시 마포구 공덕동 효창목4길 로즈빌아파트', 'B동 102호', '2012-09-06 15:53', '2015-06-24 09:10');
insert into bts  (ssid, latitude, longitude, altitude, streetAddress, secondaryUnit, enrollDate, modifyDate) values ( 'BTS203595', 37.539032, 126.955169, 0, '서울특별시 용산구 새창로8길 29 새길아파트', '123호', '2002-02-11 15:12', '2016-07-08 09:23');
insert into bts  (ssid, latitude, longitude, altitude, streetAddress, secondaryUnit, enrollDate, modifyDate) values ( 'BTS203596', 37.54201, 126.961842, 0, '서울특별시 용산구 효창동 효창맨션아파트', '옥상', '2000-02-04 13:00', '2016-05-24 08:27');
insert into bts  (ssid, latitude, longitude, altitude, streetAddress, secondaryUnit, enrollDate, modifyDate) values ( 'BTS203597', 37.541143, 126.967688, 0, '서울특별시 용산구 원효로89길 서울용산경찰서', '4층 102호', '2005-02-27 10:20', '2016-10-24 10:01');
insert into bts  (ssid, latitude, longitude, altitude, streetAddress, secondaryUnit, enrollDate, modifyDate) values ( 'BTS203598', 37.484746, 126.724682, 0, '인천광역시 부평구 가톨릭대학교 인천성모병원', 'M동 1022호', '2012-08-28 08:06', '2015-08-05 09:51');
insert into bts  (ssid, latitude, longitude, altitude, streetAddress, secondaryUnit, enrollDate, modifyDate) values ( 'BTS203599', 37.4483, 126.668836, 0, '인천광역시 남구 주안3동 한나루로464번길 인천남부소방서', '옥상', '2010-04-21 12:38', '2015-01-30 12:58');
insert into bts  (ssid, latitude, longitude, altitude, streetAddress, secondaryUnit, enrollDate, modifyDate) values ( 'BTS203600', 37.424309, 126.661319, 0, '인천광역시 연수구 비류대로232번길 함박중학교', '3층', '2005-04-20 09:27', '2016-04-17 09:24');
insert into bts  (ssid, latitude, longitude, altitude, streetAddress, secondaryUnit, enrollDate, modifyDate) values ( 'BTS203601', 37.422043, 126.743904, 0, '인천광역시 남동구 논현동 서창휴먼시아7블록아파트', '60동 1011호', '2006-06-05 16:46', '2016-10-04 13:12');
insert into bts  (ssid, latitude, longitude, altitude, streetAddress, secondaryUnit, enrollDate, modifyDate) values ( 'BTS203602', 37.408417, 126.786208, 0, '경기도 시흥시 포동 1-71 태헌3차아파트노인정', '11층', '2012-03-15 12:22', '2016-12-07 15:33');
insert into bts  (ssid, latitude, longitude, altitude, streetAddress, secondaryUnit, enrollDate, modifyDate) values ( 'BTS203603', 37.426082, 126.750181, 0, '인천광역시 남동구 서창동 e편한세상서창아파트', '2층', '2009-12-29 09:31', '2015-01-19 13:39');
insert into bts  (ssid, latitude, longitude, altitude, streetAddress, secondaryUnit, enrollDate, modifyDate) values ( 'BTS203604', 37.458524, 126.736692, 0, '인천광역시 남동구 만수동 15 만수치안센터', '603동 702호', '2011-01-27 13:58', '2015-09-23 13:38');
insert into bts  (ssid, latitude, longitude, altitude, streetAddress, secondaryUnit, enrollDate, modifyDate) values ( 'BTS203605', 37.46017, 126.722862, 0, '인천광역시 남동구 만수동 904-15 인천지점 KT파워텔', '1층', '2009-04-02 16:50', '2016-10-29 09:50');
insert into bts  (ssid, latitude, longitude, altitude, streetAddress, secondaryUnit, enrollDate, modifyDate) values ( 'BTS203606', 37.455268, 126.722299, 0, '인천광역시 남동구 구월4동 1256-5 구월중부점현대자동차', 'N동 6층', '2004-12-04 09:43', '2016-04-24 11:29');
insert into bts  (ssid, latitude, longitude, altitude, streetAddress, secondaryUnit, enrollDate, modifyDate) values ( 'BTS203607', 37.451245, 126.724329, 0, '인천광역시 남동구 구월4동 1301-42 광성교회', 'S동', '2005-07-02 16:43', '2016-11-12 09:58');
insert into bts  (ssid, latitude, longitude, altitude, streetAddress, secondaryUnit, enrollDate, modifyDate) values ( 'BTS203608', 35.510947, 129.430368, 0, '울산광역시 동구 전하동 639-1 KT 동울산지점 ', '309-2101호', '2011-05-04 15:02', '2015-03-17 16:12');
insert into bts  (ssid, latitude, longitude, altitude, streetAddress, secondaryUnit, enrollDate, modifyDate) values ( 'BTS203609', 35.502262, 129.420986, 0, '울산광역시 동구 화정동 153 울산화정초등학교', '505호', '2002-04-29 12:47', '2017-03-22 08:10');
insert into bts  (ssid, latitude, longitude, altitude, streetAddress, secondaryUnit, enrollDate, modifyDate) values ( 'BTS203610', 35.498987, 129.428491, 0, '울산광역시 동구 일산동 951-1 하이마트 동구일산점', '7층 102호', '2003-05-03 13:03', '2015-08-04 13:31');
insert into bts  (ssid, latitude, longitude, altitude, streetAddress, secondaryUnit, enrollDate, modifyDate) values ( 'BTS203611', 35.528725, 129.43071, 0, '울산광역시 동구 서부동 257-4 현대패밀리1차서부아파트', '705호', '2010-12-28 11:25', '2016-05-16 13:46');
insert into bts  (ssid, latitude, longitude, altitude, streetAddress, secondaryUnit, enrollDate, modifyDate) values ( 'BTS203612', 35.569385, 129.345816, 0, '울산광역시 중구 남외동 번영로 587 Olleh 한솔정보통신 울산남외1점', '옥상', '2003-11-05 13:03', '2016-10-07 09:27');
insert into bts  (ssid, latitude, longitude, altitude, streetAddress, secondaryUnit, enrollDate, modifyDate) values ( 'BTS203613', 35.569877, 129.334868, 0, '울산광역시 중구 약사동 762 무룡초등학교', '2층', '2003-04-16 10:56', '2016-03-31 14:39');
insert into bts  (ssid, latitude, longitude, altitude, streetAddress, secondaryUnit, enrollDate, modifyDate) values ( 'BTS203614', 35.562176, 129.323926, 0, '울산광역시 중구 복산동 현대복산아파트', '6동 734호', '2002-12-14 15:32', '2015-01-12 15:02');
insert into bts  (ssid, latitude, longitude, altitude, streetAddress, secondaryUnit, enrollDate, modifyDate) values ( 'BTS203615', 35.556503, 129.305408, 0, '울산광역시 중구 태화동 21-1 지앤비컨설팅', '12층', '2003-06-22 08:53', '2017-06-27 15:58');
insert into bts  (ssid, latitude, longitude, altitude, streetAddress, secondaryUnit, enrollDate, modifyDate) values ( 'BTS203616', 35.548798, 129.261156, 0, '울산광역시 남구 무거동 1528-2 KT 서울산지사', 'N동 10층', '2012-05-23 15:03', '2015-11-28 08:57');
insert into bts  (ssid, latitude, longitude, altitude, streetAddress, secondaryUnit, enrollDate, modifyDate) values ( 'BTS203617', 35.846937, 128.587234, 0, '대구광역시 남구 대명동 현충로 170 영남대학교', 'E동', '2003-06-11 11:37', '2016-07-01 12:00');
insert into bts  (ssid, latitude, longitude, altitude, streetAddress, secondaryUnit, enrollDate, modifyDate) values ( 'BTS203618', 35.866004, 128.628703, 0, '대구광역시 수성구 범어2동 동대구로 400 대구MBC시네마M', '309-2101호', '2006-08-31 13:02', '2015-07-14 10:55');
insert into bts  (ssid, latitude, longitude, altitude, streetAddress, secondaryUnit, enrollDate, modifyDate) values ( 'BTS203619', 35.86961, 128.603701, 0, '대구광역시 중구 동인동2가 74-15 KT 대구지사', '105호', '2008-10-13 16:16', '2016-04-10 13:34');
insert into bts  (ssid, latitude, longitude, altitude, streetAddress, secondaryUnit, enrollDate, modifyDate) values ( 'BTS203620', 35.868883, 128.592172, 0, '대구광역시 중구 종로2가 31 한국대구화교초등학교', '4층 302호', '2010-08-22 12:22', '2015-10-13 09:46');
insert into bts  (ssid, latitude, longitude, altitude, streetAddress, secondaryUnit, enrollDate, modifyDate) values ( 'BTS203621', 35.851855, 128.586716, 0, '대구광역시 남구 대명2동 1819-37 대구광역시교육연구정보원', '405호', '2007-08-15 08:18', '2017-02-12 08:43');
insert into bts  (ssid, latitude, longitude, altitude, streetAddress, secondaryUnit, enrollDate, modifyDate) values ( 'BTS203622', 35.837735, 128.561019, 0, '대구광역시 남구 대명11동 1118-1 성명교회', '옥상', '2000-07-09 11:09', '2017-01-02 14:52');
insert into bts  (ssid, latitude, longitude, altitude, streetAddress, secondaryUnit, enrollDate, modifyDate) values ( 'BTS203623', 35.808504, 128.535626, 0, '대구광역시 달서구 도원동 극동빌딩', '3층', '2003-03-04 09:42', '2017-04-02 12:38');
insert into bts  (ssid, latitude, longitude, altitude, streetAddress, secondaryUnit, enrollDate, modifyDate) values ( 'BTS203624', 35.806567, 128.530145, 0, '대구광역시 도원동 901 아람마을주공9단지아파트', '60동 1011호', '2013-06-11 09:29', '2015-08-10 16:53');
insert into bts  (ssid, latitude, longitude, altitude, streetAddress, secondaryUnit, enrollDate, modifyDate) values ( 'BTS203625', 35.808616, 128.520912, 0, '대구광역시 달서구 진천동 716-6 진천코오롱하늘채아파트', '11층', '2002-03-14 15:28', '2017-06-14 12:10');
insert into bts  (ssid, latitude, longitude, altitude, streetAddress, secondaryUnit, enrollDate, modifyDate) values ( 'BTS203626', 35.805583, 128.518138, 0, '대구광역시 달서구 대곡동 화암로73길 15 대진고등학교', 'N동 3층', '2009-12-04 13:38', '2017-01-22 10:48');
insert into bts  (ssid, latitude, longitude, altitude, streetAddress, secondaryUnit, enrollDate, modifyDate) values ( 'BTS203627', 35.804756, 128.51652, 0, '대구광역시 달서구 대곡동 화암로 301 대구지방환경청', 'D동', '2009-07-23 11:11', '2015-08-15 13:54');	

	

	
	
	
	
INSERT INTO bts (ssid, latitude, longitude, altitude, streetAddress, secondaryUnit, enrollDate, modifyDate)
VALUES
	('BTS000001', 37.366116, 127.106847, 0, '경기도 성남시 분당구 정자동 성남대로331번길 8', 'SWS-K 8층', '2011-01-18 00:00:00' ,'2015-01-18 17:16:00' ),
	('BTS000002', 37.359441, 127.105317, 0, '경기도 성남시 분당구 정자동 불정로 610', '정든마을우성6차아파트', '2005-07-28 20:00:00','2005-07-28 20:00:00' ),
	('BTS000003', 37.359577, 127.105436, 0, '경기도 성남시 분당구 정자1동 정자동 178-1 ', '그린팩토리(NAVER) 2층', '2001-05-05 14:10:00','2001-05-05 14:10:00' ),
	('BTS000004', 37.359577, 127.105436, 0, '경기도 성남시 분당구 이매동 142',	 '아름마을 선경APT 603동 702호', '1999-10-07 13:50:00','2016-10-07 13:50:00' ),
	('BTS000005', 37.402054, 127.103435, 0, '경기도 성남시 분당구 삼평동 판교로256번길 7', '넥슨코리아 1층', '2015-01-18 00:00:00', '2017-01-18 15:35:00' ),
	('BTS000006', 37.401986, 127.108714, 0, '경기도 성남시 분당구 삼평동 227', '판교에이치스퀘어 N동 6층', '2010-01-18 00:00:00', '2014-01-18 00:00:00' ),
	('BTS000007', 37.402001, 127.108814, 0, '경기도 성남시 분당구 삼평동 681', '판교에이치스퀘어 S동', '2011-01-18 00:00:00', '2015-01-18 00:00:00' ),
	('BTS000008', 37.366116, 127.106847, 75, '강원도 평창군 대관령면 올림픽로', '올림픽 APT 205-15', '2011-01-18 00:00:00', '2018-02-09 12:00:00'),
	('BTS000009', 37.687163, 128.670791, 100, '강원도 평창군 대관령면 평창올림피아리조트', '2동 3층', '2011-01-18 00:00:00', '2018-02-09 12:00:00'  ),
	('BTS000010', 37.682484, 128.601459, 80, '강원도 평창군 진부면 간평리 221-1', '켄싱턴플로라호텔', '2011-01-18 00:00:00', '2018-02-09 12:00:00' ),
	('BTS000011', 37.659072, 128.694233, 100, '강원도 평창군 대관령면 수하리 154', '평창 올림픽 선수촌', '2016-03-09 12:00:00', '2018-02-09 12:00:00'),
	('BTS000012', 37.372428, 127.124207, 10, '경기도 성남시 분당구 수내로 148', '파크타운서안아파트 109-2101호', '2009-03-09 12:00:00', '2018-02-09 12:00:00'),
	('BTS000013', 37.370872, 127.129324, 0, '경기도 성남시 분당구 수내로 201', '410 샛별마을 삼부아파트 1105호', '2009-03-09 12:00:00', '2018-02-08 15:00:00');

