INSERT INTO user ( userId, pwd, username)
VALUES
	( '09801','aaaa', '김알엠'),
	( '09802','bbbb', '이슈가'),
	( '09803','cccc', '최 진'),
	( '09804','dddd', '박제이홉'),
	( '09805','eeee', '구지민'),
	( '09806','ffff', '데 뷔'),
	( '09807','gggg', '정 국'),
	( '09808','hhhh', '빅히트'),
	( '09809','iiii', '홍길동');
	
INSERT INTO user_cover_bts(userId, ssid) 
VALUES
	('09801', 'BTS000001'),
	('09802', 'BTS000002'),
	('09803', 'BTS000003'),
	('09804', 'BTS000004'),
	('09805', 'BTS000005'),
	('09806', 'BTS000006'),
	('09807', 'BTS000007'),
	('09808', 'BTS000008'),
	('09809', 'BTS000009'),
	('09809', 'BTS000010'),
	('09801', 'BTS000011'),
	('09801', 'BTS000012'),
	('09801', 'BTS000013');
	
	
	
INSERT INTO bts (ssid, latitude, longitude, altitude, streetAddress, secondaryUnit, enrollDate, modifyDate)
VALUES
	('BTS000001', 37.366116, 127.106847, 0, '경기도 성남시 분당구 정자동 성남대로331번길 8', 'SWS-K 8층', '2011-01-18 00:00:00' ,'2015-01-18 17:16:00' ),
	('BTS000002', 37.359441, 127.105317, 0, '경기도 성남시 분당구 정자동 불정로 610', '정든마을우성6차아파트', '2005-07-28 20:00:00','2005-07-28 20:00:00' ),
	('BTS000003', 37.359577, 127.105436, 0, '경기도 성남시 분당구 정자1동 정자동 178-1 ', '그린팩토리(NAVER) 2층', '2001-05-05 14:10:00','2001-05-05 14:10:00' ),
	('BTS000004', 37.359577, 127.105436, 0, '경기도 성남시 분당구 이매동 142',	 '아름마을 선경APT 603동 702호', '1999-10-07 13:50:00','2016-10-07 13:50:00' ),
	('BTS000005', 37.402054, 127.103435, 0, '경기도 성남시 분당구 삼평동 판교로256번길 7', '넥슨코리아 1층', '2015-01-18 00:00:00', '2017-01-18 15:35:00' ),
	('BTS000006', 37.401986, 127.108714, 0, '경기도 성남시 분당구 삼평동 227', '판교에이치스퀘어 N동 6층', '2010-01-18 00:00:00', '2014-01-18 00:00:00' ),
	('BTS000007', 37.402001, 127.108814, 0, '경기도 성남시 분당구 삼평동 681', '판교에이치스퀘어 S동', '2011-01-18 00:00:00', '2015-01-18 00:00:00' ),
	('BTS000008', 37.366116, 127.106847, 75, '강원도 평창군 대관령면 올림픽로', '올림픽 APT 205-15', '2011-01-18 00:00:00', '2018-02-09 12:00:00'),
	('BTS000009', 37.687163, 128.670791, 100, '강원도 평창군 대관령면 평창올림피아리조트', '2동 3층', '2011-01-18 00:00:00', '2018-02-09 12:00:00'  ),
	('BTS000010', 37.682484, 128.601459, 80, '강원도 평창군 진부면 간평리 221-1', '켄싱턴플로라호텔', '2011-01-18 00:00:00', '2018-02-09 12:00:00' ),
	('BTS000011', 37.659072, 128.694233, 100, '강원도 평창군 대관령면 수하리 154', '평창 올림픽 선수촌', '2016-03-09 12:00:00', '2018-02-09 12:00:00'),
	('BTS000012', 37.372428, 127.124207, 10, '경기도 성남시 분당구 수내로 148', '파크타운서안아파트 109-2101호', '2009-03-09 12:00:00', '2018-02-09 12:00:00'),
	('BTS000013', 37.370872, 127.129324, 0, '경기도 성남시 분당구 수내로 201', '410 샛별마을 삼부아파트 1105호', '2009-03-09 12:00:00', '2018-02-08 15:00:00');




	

	
